{
  "approval_rate": 59.699999999999996,
  "cibil_750_rate": 90.32051282051282,
  "cibil_below600_rate": 3.34051724137931,
  "high_income_rate": 88.57142857142857,
  "low_dti_rate": 89.81723237597912,
  "govt_rate": 67.51445086705202,
  "startup_rate": 57.460732984293195,
  "gbm_accuracy": 94.25,
  "gbm_cv": 94.83333333333333,
  "gbm_auc": 0.9895078258460686,
  "lr_accuracy": 81.41666666666667,
  "rf_accuracy": 92.16666666666666
}